,list_count,header_count,bold_count,total_format
count,157940.0,157940.0,157940.0,157940.0
mean,18.425978219577054,3.2940547043180954,17.424116753197417,39.144149677092564
std,31.306301865709266,7.865754284320137,31.871990082574438,64.84323073808146
min,0.0,0.0,0.0,0.0
25%,2.0,0.0,0.0,5.0
50%,10.0,0.0,8.0,21.0
75%,24.0,5.0,23.0,52.0
max,2519.0,1031.0,2213.0,4233.0
