format_type,with_format_win_rate,without_format_win_rate,with_format_count,without_format_count,win_rate_diff
has_format,0.5149161039723583,0.4210463402000239,132843,25097,0.09386976377233441
has_header,0.550546365612171,0.4634723615898085,66256,91684,0.08707400402236248
has_list,0.5191840820923539,0.43960604070912673,119865,38075,0.07957804138322716
has_bold,0.530940507129311,0.4199891018072836,113896,44044,0.11095140532202735
