format_combination,win_rate,sample_count,sample_proportion
with_all_three,0.5572027925642173,60303,0.38141832487887567
with_header_and_bold,0.51300498063088,1807,0.011429330432252596
with_list_and_bold,0.5083706672954492,42410,0.2682445509860723
with_list_and_header,0.47767857142857145,2464,0.015584875586646596
with_bold_only,0.4698846194559119,9447,0.05975256479993928
with_header_only,0.4675925925925926,1728,0.010929653008817092
without_any_format,0.4204527402700556,25180,0.15926427243172128
with_list_only,0.4031700873806137,14763,0.0933764278756752
