format_combination,win_rate,sample_count,sample_proportion
with_header_&_list_&_bold,0.5570214743270603,60258,0.38152462960617956
with_header_&_bold,0.51300498063088,1807,0.011441053564644801
with_list_&_bold,0.5082570538831744,42388,0.2683803976193491
with_list_&_header,0.4778725131952903,2463,0.015594529568190452
with_bold,0.46976596420629035,9443,0.059788527288843867
with_header,0.4675925925925926,1728,0.01094086361909586
without_format,0.4210463402000239,25097,0.15890211472711155
with_list,0.4029547302792085,14756,0.09342788400658478
